{
  "Etot_kJ": [
    20.0,
    40.0,
    60.0
  ],
  "n_trials": 5,
  "eta": 0.5,
  "scheme": "ISAC",
  "isac": [
    {
      "Etot_kJ": 20.0,
      "psi_c_mean_G": 1.5349999977801538,
      "psi_c_std_G": 0.20041672418570394,
      "psi_s_mean_m2": 0.7396417589636117,
      "psi_s_std_m2": 0.31197955219525847,
      "mse_mean_m2": 0.3716576076090904,
      "mse_std_m2": 0.1863669028957081,
      "n_stages_mean": 1.8
    },
    {
      "Etot_kJ": 40.0,
      "psi_c_mean_G": 4.683200884468988,
      "psi_c_std_G": 0.12786561950038264,
      "psi_s_mean_m2": 0.23147104554337922,
      "psi_s_std_m2": 0.02735977493771294,
      "mse_mean_m2": 0.08259427782805215,
      "mse_std_m2": 0.03476377274048927,
      "n_stages_mean": 3.0
    },
    {
      "Etot_kJ": 60.0,
      "psi_c_mean_G": 6.464433608850233,
      "psi_c_std_G": 0.4309458280891967,
      "psi_s_mean_m2": 0.07329625214435131,
      "psi_s_std_m2": 0.01154995005592183,
      "mse_mean_m2": 0.028296238688267066,
      "mse_std_m2": 0.010882790523764597,
      "n_stages_mean": 4.0
    }
  ]
}