{
  "Etot_kJ": [
    20.0,
    40.0,
    60.0
  ],
  "n_trials": 5,
  "eta": 0.5,
  "scheme": "ISAC + BA",
  "isac": [
    {
      "Etot_kJ": 20.0,
      "psi_c_mean_G": 1.5396762154460693,
      "psi_c_std_G": 0.19967614752126167,
      "psi_s_mean_m2": 0.7402452093291215,
      "psi_s_std_m2": 0.3129633539975114,
      "mse_mean_m2": 0.37459210147469413,
      "mse_std_m2": 0.18967307417037926,
      "n_stages_mean": 1.8
    },
    {
      "Etot_kJ": 40.0,
      "psi_c_mean_G": 4.687874409508226,
      "psi_c_std_G": 0.13072286487802554,
      "psi_s_mean_m2": 0.25412920859864246,
      "psi_s_std_m2": 0.02248751850405727,
      "mse_mean_m2": 0.13717288922430343,
      "mse_std_m2": 0.11608785088467363,
      "n_stages_mean": 3.0
    },
    {
      "Etot_kJ": 60.0,
      "psi_c_mean_G": 6.585555553018152,
      "psi_c_std_G": 0.24317350135310467,
      "psi_s_mean_m2": 0.0650410731683866,
      "psi_s_std_m2": 0.011206902722965126,
      "mse_mean_m2": 0.03410804791720263,
      "mse_std_m2": 0.016782035462107988,
      "n_stages_mean": 4.2
    }
  ]
}