{
  "Etot_kJ": [
    20.0,
    40.0,
    60.0
  ],
  "n_trials": 5,
  "eta": 0.5,
  "scheme": "ISAC",
  "isac": [
    {
      "Etot_kJ": 20.0,
      "psi_c_mean_G": 1.944901571401048,
      "psi_c_std_G": 0.3234029363107402,
      "psi_s_mean_m2": 0.7723209547313125,
      "psi_s_std_m2": 0.39246403304723276,
      "mse_mean_m2": 0.5232521988224061,
      "mse_std_m2": 0.3125418235927722,
      "n_stages_mean": 2.0
    },
    {
      "Etot_kJ": 40.0,
      "psi_c_mean_G": 5.329297045386467,
      "psi_c_std_G": 0.05366804842948487,
      "psi_s_mean_m2": 0.2805587492624241,
      "psi_s_std_m2": 0.12313889282772789,
      "mse_mean_m2": 0.19535593878237517,
      "mse_std_m2": 0.18411304322350325,
      "n_stages_mean": 3.0
    },
    {
      "Etot_kJ": 60.0,
      "psi_c_mean_G": 7.134606307602129,
      "psi_c_std_G": 0.09144156446362017,
      "psi_s_mean_m2": 0.05859717654446426,
      "psi_s_std_m2": 0.0012812478211730656,
      "mse_mean_m2": 0.05466608109687434,
      "mse_std_m2": 0.02184554577749632,
      "n_stages_mean": 4.0
    }
  ]
}